{
    "direct": {
        "altadefinizione01": "https://www.altadefinizione01.living",
        "animealtadefinizione": "http://ww38.animealtadefinizione.it",
        "animeforce": "https://www.animeforce.it",
        "animesaturn": "https://www.animesaturn.cx",
        "animeunity": "https://www.animeunity.so",
        "animeworld": "https://www.animeworld.so",
        "aniplay": "https://aniplay.co",
        "bt4g": "https://bt4gprx.com",
        "casacinema": "https://casacinema.mom",
        "cb01anime": "https://cb01new.one",
        "cinemalibero": "https://cinemalibero.cafe",
        "cinetecadibologna": "http://cinestore.cinetecadibologna.it",
        "dinostreaming": "https://dinostreaming.it",
        "discoveryplus": "https://www.discoveryplus.com",
        "dreamsub": "https://www.animeworld.so",
        "eurostreaming": "https://eurostreaming.lifestyle",
        "eurostreaming_actor": "https://eurostreaming.my",
        "filmstreaming": "https://film-streaming-ita.cam",
        "guardaseriecam": "https://guardaserietv.mom",
        "hd4me": "https://hd4me.net",
        "ilcorsaronero": "https://ilcorsaronero.link",
        "ilgeniodellostreaming_cam": "https://ilgeniodellostreaming.rentals",
        "italiafilm": "https://italia-film.lifestyle",
        "lordchannel": "https://lordchannel.com",
        "mediasetplay": "https://mediasetinfinity.mediaset.it",
        "mondoserietv": "http://ww25.mondoserietv.club/?subid1=20230304-0434-261c-9cb0-a0044930e0a9",
        "paramount": "https://www.mtv.it",
        "piratestreaming": "https://piratestreaming.design",
        "plutotv": "https://pluto.tv",
        "raiplay": "https://www.raiplay.it",
        "serietvu": "http://ww1.serietvu.live/?sub1=47fb879a-5325-11ee-94a7-cc35006f53d1",
        "streamingcommunity": "https://streamingcommunity.paris",
        "streamingita": "https://streamingita.click",
        "tantifilm": "https://tantifilm.name",
        "toonitalia": "https://toonitalia.xyz"
    },
    "findhost": {
        "altadefinizione": "https://altadefinizione.nuovo.live",
        "altadefinizionecommunity": "https://altaregistrazione.net",
        "animealtadefinizione": "https://www.animealtadefinizione.it",
        "cineblog01": "https://cb01.uno",
        "filmpertutti": "https://filmpertuttiiii.nuovo.live"
    }
}
